{"roc_auc_score": 0.4968944099378882, "accuracy_score": 0.9302325581395349, "f1_score": 0.0}