{"roc_auc_score": 0.5454545454545454, "accuracy_score": 0.9418604651162791, "f1_score": 0.16666666666666669}